id,user_name,call_1,call_2,call_3,call_4,memo
295,user295,09000044072,09083602631,09048466632,09026316979,memo295
722,user722,09031573753,09081845218,09069946677,09031858093,memo722
2531,user2531,09040409533,09091850112,09006339158,09091747298,memo2531
4091,user4091,09050827550,09089104425,09070330343,09075757412,memo4091
5100,user5100,09087045859,09061070678,09048466632,09060443319,memo5100
5636,user5636,09050265569,09097961585,09003312688,09091350192,memo5636
6257,user6257,09059994055,09031566100,09082671141,09075615038,memo6257
6610,user6610,09019320948,09050155651,09052808237,09055230264,memo6610
6638,user6638,09081811639,09097722433,09050827550,09080660145,memo6638
7282,user7282,09096430878,09046881306,09059268473,09031448262,memo7282
7333,user7333,09013013587,09042868618,09069487937,09031566100,memo7333
7889,user7889,09097677787,09069946677,09003982485,09072564745,memo7889
8675,user8675,09050265569,09010492466,09083541058,09071577891,memo8675
8893,user8893,09050464236,09091096892,09040391011,09064089336,memo8893
8895,user8895,09051901518,09091747298,09022411218,09025720387,memo8895
9046,user9046,09000943841,09019320948,09014475409,09033186492,memo9046
9254,user9254,09067855912,09091096892,09038349477,09093100364,memo9254
9465,user9465,09030715549,09031448262,09003445508,09054112665,memo9465
